审核项目名称,需要上传文件说明,文件路径,脱敏文件路径,文件数量,对应部门,检测方式,检测关键字
关企沟通联系合作 - 关企联系合作机制,"请上传以下文件：
1. 关企联系合作机制制度文件（涵盖公司与海关沟通合作的管理规范）
2. 关企联系合作机制的年度更新版本（如有分年度版本，请按年份分别上传）",上海近铁国际物流有限公司2020-2024/通用标准/一、内部控制标准/1.关企沟通联系合作/1-1 关企联系合作机制,通用标准/一、内部控制标准/1.关企沟通联系合作/1-1 关企联系合作机制,3,人事,关键词检测,“关企联系工作”或“关企联系合作机制”
关企沟通联系合作 - 岗位职责,"请上传以下文件：
1. 组织架构图
2. 岗位任职条件与职责说明文件（含贸易安全相关岗位的职责描述）
3. 关键岗位任命书（如贸易安全负责人、AEO联络员等任命文件）
4. 如有多年版本，请按年份（公司存续年份）分别上传",上海近铁国际物流有限公司2020-2024/通用标准/一、内部控制标准/1.关企沟通联系合作/1-2 岗位职责,通用标准/一、内部控制标准/1.关企沟通联系合作/1-2 岗位职责,10,人事,关键词检测,“贸易安全”
进出口单证 - 进出口单证复核制度,"请上传以下文件：
1. 进出口单证复核管理制度文件
2. 各年度进出口单证复核操作记录（按年份分别上传，涵盖公司存续年份）
3. 单证复核抽查记录（含报关单、装箱单、发票等原始单据抽查样本）",上海近铁国际物流有限公司2020-2024/通用标准/一、内部控制标准/2.进出口单证/2-3 进出口单证复核制度,通用标准/一、内部控制标准/2.进出口单证/2-3 进出口单证复核制度,51,关务,关键词检测,“单证复核流程”
进出口单证 - 进出口单证保管制度,"请上传以下文件：
1. 进出口单证保管管理制度文件
2. 各年度单证保管抽查记录（含实际单证样本，按年度/期次上传，涵盖公司存续年份）
注：单证类型包括但不限于报关单、提单、发票等，建议每年至少上传2个检查时间节点的记录",上海近铁国际物流有限公司2020-2024/通用标准/一、内部控制标准/2.进出口单证/2-4 进出口单证保管制度,通用标准/一、内部控制标准/2.进出口单证/2-4 进出口单证保管制度,83,关务,关键词检测,“单证归档”
进出口单证 - 禁止类产品合规审查制度,"请上传以下文件：
1. 禁止类产品合规审查制度文件（如有年度更新，按年份上传，涵盖公司存续年份）
2. 禁限类产品公告及目录（国家主管部门发布的相关禁止进出口货物目录）
3. 合规审查记录或自查表（可按年度归纳上传）",上海近铁国际物流有限公司2020-2024/通用标准/一、内部控制标准/2.进出口单证/2-5 禁止类产品合规审查制度,通用标准/一、内部控制标准/2.进出口单证/2-5 禁止类产品合规审查制度,28,关务,关键词检测,“HS CODE/原产国/MSDS/货物性质”、“安全准入”、“禁止类产品合规审查”
进出口单证 - 企业认证电子资料档案,"请上传以下文件：
1. 企业认证电子资料档案汇编（包含AEO认证相关的授权文件、证书等电子存档）",上海近铁国际物流有限公司2020-2024/通用标准/一、内部控制标准/2.进出口单证/2-6 企业认证电子资料档案,通用标准/一、内部控制标准/2.进出口单证/2-6 企业认证电子资料档案,1,关务,上传即为通过,
信息系统 - 信息系统说明,"请上传以下文件：
1. 各信息系统操作手册（如EIP系统、WMS仓储系统、JDY系统、金蝶K3等，按系统分别上传）
2. 信息系统抽查记录（包含系统截图、进出库查询记录、异常报错记录等，按年度上传，涵盖公司存续年份）",上海近铁国际物流有限公司2020-2024/通用标准/一、内部控制标准/3.信息系统/3-7 信息系统说明,通用标准/一、内部控制标准/3.信息系统/3-7 信息系统说明,29,行政,上传即为通过,
信息系统 - 系统数据的保管,"请上传以下文件：
1. 信息安全管理手册 / IT数据保管制度（按版本年份上传，请上传当前有效版本）
2. 系统数据保留期限截图（证明数据保存周期不少于3年，按时间段分别上传）",上海近铁国际物流有限公司2020-2024/通用标准/一、内部控制标准/3.信息系统/3-8 系统数据的保管,通用标准/一、内部控制标准/3.信息系统/3-8 系统数据的保管,5,行政,上传即为通过,
信息系统 - 信息安全管理制度,"请上传以下文件：
1. IT信息安全管理手册 / 员工手册（按版本年份上传）
2. 密码管理策略记录（密码定期修改策略截图、密码到期修改记录）
3. 机房门禁记录（按年度节点上传，如每年2个时间点，涵盖公司存续年份）
4. 杀毒软件运行截图（按年度上传）",上海近铁国际物流有限公司2020-2024/通用标准/一、内部控制标准/3.信息系统/3-9 信息安全管理制度,通用标准/一、内部控制标准/3.信息系统/3-9 信息安全管理制度,12,行政,关键词检测,“信息安全管理”、“员工手册”
内部审计和改进 - 内部审计制度,"请上传以下文件：
1. 内部审核制度文件（按版本年份上传，请上传当前有效版本）",上海近铁国际物流有限公司2020-2024/通用标准/一、内部控制标准/4.内部审计和改进/4-10 内部审计制度,通用标准/一、内部控制标准/4.内部审计和改进/4-10 内部审计制度,2,审计部,上传即为通过,
内部审计和改进 - 内审记录报告,"请上传以下文件：
1. 各年度AEO内部审核报告（涵盖公司存续年度，部分年份有上下半年两份，请按年份/期次分别上传）
   参考格式：yyyy AEO内审报告.pdf 或 yyyy-I / yyyy-II AEO内审报告.pdf",上海近铁国际物流有限公司2020-2024/通用标准/一、内部控制标准/4.内部审计和改进/4-11 内审记录报告,通用标准/一、内部控制标准/4.内部审计和改进/4-11 内审记录报告,10,审计部,上传即为通过,
内部审计和改进 - 改进和责任追究机制,"请上传以下文件：
1. 内审改进机制文件（包含改进机制说明、内部审核不合格报告、纠正措施记录等）
2. 责任追究制度文件（如员工手册实施细则中的责任追究部分）
3. 关企联系合作报告流程文件",上海近铁国际物流有限公司2020-2024/通用标准/一、内部控制标准/4.内部审计和改进/4-12 改进和责任追究机制,通用标准/一、内部控制标准/4.内部审计和改进/4-12 改进和责任追究机制,5,审计部,上传即为通过,
遵守法律法规 - 6-15-1 无犯罪记录管理层声明书,"请对照以下海关对于无犯罪记录的要求开展核查：
1. 公司法定代表人、负责海关事务的高级管理人员（小村博之、川锅和弘）以及财务负责人、贸易安全负责人、报关业务负责人、AEO联络员是否在认证有效期内（近2年）存在刑事犯罪记录。
2. 企业是否曾发生由于走私犯罪受过刑事处罚的情形。
3. 请上传管理层对应的无犯罪记录声明书，需由相关负责人签署。",上海近铁国际物流有限公司2020-2024/通用标准/三、守法规范标准/6.遵守法律法规/6-15-1 无犯罪记录管理层声明书,通用标准/三、守法规范标准/6.遵守法律法规/6-15-1 无犯罪记录管理层声明书,1,审计部,AI内容理解,-
遵守法律法规 - 6-16&17&18 报关单行政处罚合规,"请上传以下文件（对应原 6-16、6-17、6-18 审核项）：
1. 企业行政处罚记录说明或各年度无行政处罚证明材料
2. 被处罚报关单明细及对应的行政处罚决定书（如有）
3. 法律法规遵守相关证明材料（如行政许可证、相关资质证书等）
注：审核标准为行政处罚金额累计≤5万元，且被处罚报关单比例＜1‰",上海近铁国际物流有限公司2020-2024/通用标准/三、守法规范标准/6.遵守法律法规/6-16&17&18,通用标准/三、守法规范标准/6.遵守法律法规/6-16&17&18,1,审计部,AI内容理解,-
进出口记录 - 1年内进出口活动证明,"请上传以下文件：
1. 1年内进出口活动证明（如海关进出口统计报表、报关记录汇总，或海关签发的证明文件）
2. 如有不同年度版本，请按年份分别上传",上海近铁国际物流有限公司2020-2024/通用标准/三、守法规范标准/7.进出口记录/7-19 1年内进出口活动证明,通用标准/三、守法规范标准/7.进出口记录/7-19 1年内进出口活动证明,9,关务,上传即为通过,
财务状况 - 审计报告,"请上传以下文件：
1. 各年度财务审计报告（涵盖公司存续年份，每年一份，由第三方会计师事务所出具）",上海近铁国际物流有限公司2020-2024/通用标准/二、财务状况标准/5.财务状况/5-13 审计报告,通用标准/二、财务状况标准/5.财务状况/5-13 审计报告,5,财务,AI内容理解,-
财务状况 - 资产负债率情况,"请上传以下文件：
1. 各年度资产负债率数据说明文件（含资产负债表或财务分析报告，涵盖公司存续年份）
2. 如有专项资产负债率计算说明，请一并上传",上海近铁国际物流有限公司2020-2024/通用标准/二、财务状况标准/5.财务状况/5-14 资产负债率情况,通用标准/二、财务状况标准/5.财务状况/5-14 资产负债率情况,5,财务,AI内容理解,-
经营场所安全 - 经营场所安全管理制度,"请上传以下文件：
1. 经营场所安全管理制度文件（含办公区、仓库、园区等区域的安全管理规范）
2. 如有年度更新版本，请按年份分别上传",上海近铁国际物流有限公司2020-2024/通用标准/四、贸易安全标准/11.经营场所安全/11-31 经营场所安全管理制度,通用标准/四、贸易安全标准/11.经营场所安全/11-31 经营场所安全管理制度,3,行政,上传即为通过,
经营场所安全 - 经营场所建筑物,"请上传以下文件：
1. 经营场所建筑物照片或说明（含外观、围墙、门禁等设施的现场图片）
2. 建筑物平面图或场所示意图
3. 如有多个经营场所或多年度更新记录，请按场所/年份分别上传",上海近铁国际物流有限公司2020-2024/通用标准/四、贸易安全标准/11.经营场所安全/11-32 经营场所建筑物,通用标准/四、贸易安全标准/11.经营场所安全/11-32 经营场所建筑物,16,行政,上传即为通过,
经营场所安全 - 锁闭装置及钥匙保管,"请上传以下文件：
1. 锁闭装置及钥匙保管制度文件
2. 锁闭装置实物照片（含门锁、密码锁、电子门禁等设施）
3. 钥匙/门禁卡领用登记记录（按年度上传，涵盖公司存续年份）",上海近铁国际物流有限公司2020-2024/通用标准/四、贸易安全标准/11.经营场所安全/11-33 锁闭装置及钥匙保管,通用标准/四、贸易安全标准/11.经营场所安全/11-33 锁闭装置及钥匙保管,27,行政,上传即为通过,
经营场所安全 - 照明,"请上传以下文件：
1. 经营场所照明设施照片（含仓库内外、停车区域、门禁区域等）
2. 照明检查记录或维护记录（按年度上传）",上海近铁国际物流有限公司2020-2024/通用标准/四、贸易安全标准/11.经营场所安全/11-34 照明,通用标准/四、贸易安全标准/11.经营场所安全/11-34 照明,9,行政,上传即为通过,
经营场所安全 - 车辆和人员进出管理,"请上传以下文件：
1. 车辆与人员进出管理制度文件
2. 进出登记记录（如门卫签到表、车辆出入台账、门禁系统记录截图等，按年度上传，涵盖公司存续年份）
3. 现场照片（如门卫亭、道闸、人行通道等设施）",上海近铁国际物流有限公司2020-2024/通用标准/四、贸易安全标准/11.经营场所安全/11-35 车辆和人员进出管理,通用标准/四、贸易安全标准/11.经营场所安全/11-35 车辆和人员进出管理,31,行政,上传即为通过,
经营场所安全 - 单证存放和仓储区域受控管理,"请上传以下文件：
1. 单证存放管理制度及仓储区域受控管理制度
2. 单证存放区域实物照片（如文件柜、档案室等）
3. 仓储区域管控措施说明或现场图片",上海近铁国际物流有限公司2020-2024/通用标准/四、贸易安全标准/11.经营场所安全/11-36 单证存放和仓储区域受控管理,通用标准/四、贸易安全标准/11.经营场所安全/11-36 单证存放和仓储区域受控管理,6,行政,上传即为通过,
经营场所安全 - 重要敏感区域视频监控,"请上传以下文件：
1. 视频监控系统说明（含监控点位分布图或照片）
2. 监控录像保存制度及保存时长说明
3. 监控系统运行状态截图或巡检记录（按年度上传）",上海近铁国际物流有限公司2020-2024/通用标准/四、贸易安全标准/11.经营场所安全/11-37 重要敏感区域视频监控,通用标准/四、贸易安全标准/11.经营场所安全/11-37 重要敏感区域视频监控,11,行政,上传即为通过,
人员安全 - 员工入职离职管理,"请上传以下文件：
1. 员工入职管理制度文件（含入职前背景核查流程）
2. 员工离职管理制度文件（含权限注销、资产归还等流程）
3. 如有年度版本更新，请按年份分别上传",上海近铁国际物流有限公司2020-2024/通用标准/四、贸易安全标准/12.人员安全/12-38 员工入职离职管理,通用标准/四、贸易安全标准/12.人员安全/12-38 员工入职离职管理,3,人事,上传即为通过,
人员安全 - 新员工&安全敏感岗位背调,"请上传以下文件：
1. 新员工及安全敏感岗位背景调查制度文件
2. 背调记录样本（如背调报告、员工授权书等，按年份归纳，涵盖公司存续年份）
3. 安全敏感岗位名单或说明",上海近铁国际物流有限公司2020-2024/通用标准/四、贸易安全标准/12.人员安全/12-39 新员工&安全敏感岗位背调,通用标准/四、贸易安全标准/12.人员安全/12-39 新员工&安全敏感岗位背调,19,人事,上传即为通过,
人员安全 - 员工身份识别和离职员工取消授权,"请上传以下文件：
1. 员工身份识别管理制度（含工牌、门禁卡发放及管理规范）
2. 离职员工权限注销记录（按年度上传，涵盖公司存续年份）
3. 员工工牌或身份识别系统说明截图",上海近铁国际物流有限公司2020-2024/通用标准/四、贸易安全标准/12.人员安全/12-40 员工身份识别和离职员工取消授权,通用标准/四、贸易安全标准/12.人员安全/12-40 员工身份识别和离职员工取消授权,9,人事,上传即为通过,
人员安全 - 访客进出登记管理,"请上传以下文件：
1. 访客进出登记管理制度文件
2. 访客登记记录表样本（按年度上传，涵盖公司存续年份）
3. 访客接待区域或门卫处现场照片",上海近铁国际物流有限公司2020-2024/通用标准/四、贸易安全标准/12.人员安全/12-41 访客进出登记管理,通用标准/四、贸易安全标准/12.人员安全/12-41 访客进出登记管理,15,人事,上传即为通过,
货物、物品安全 - 货物、物品安全管理制度,"请上传以下文件：
1. 货物与物品安全管理制度文件（含收货、发货、仓储全流程的安全管控规范）
2. 如有年度版本更新，请按年份分别上传",上海近铁国际物流有限公司2020-2024/通用标准/四、贸易安全标准/13.货物、物品安全/13-42 货物、物品安全管理制度,通用标准/四、贸易安全标准/13.货物、物品安全/13-42 货物、物品安全管理制度,2,审计部,上传即为通过,
货物、物品安全 - 集装箱七点检查法,"请上传以下文件：
1. 集装箱七点检查法操作规范文件
2. 各年度集装箱七点检查记录（按年份上传，涵盖公司存续年份，建议每年至少2个时间节点）",上海近铁国际物流有限公司2020-2024/通用标准/四、贸易安全标准/13.货物、物品安全/13-43 集装箱七点检查法,通用标准/四、贸易安全标准/13.货物、物品安全/13-43 集装箱七点检查法,19,审计部,上传即为通过,
货物、物品安全 - 集装箱封条,"请上传以下文件：
1. 集装箱封条管理制度文件
2. 集装箱封条实物照片或使用记录（按年份上传，涵盖公司存续年份）",上海近铁国际物流有限公司2020-2024/通用标准/四、贸易安全标准/13.货物、物品安全/13-44 集装箱封条,通用标准/四、贸易安全标准/13.货物、物品安全/13-44 集装箱封条,13,审计部,上传即为通过,
货物、物品安全 - 集装箱存储制度,"请上传以下文件：
1. 集装箱存储管理制度文件
2. 相关年度集装箱存放区域照片或管理记录",上海近铁国际物流有限公司2020-2024/通用标准/四、贸易安全标准/13.货物、物品安全/13-45 集装箱存储制度,通用标准/四、贸易安全标准/13.货物、物品安全/13-45 集装箱存储制度,5,审计部,上传即为通过,
货物、物品安全 - 司机身份核实,"请上传以下文件：
1. 司机身份核实管理制度文件
2. 各年度司机身份核实记录（如核实登记表、驾照复印件存档等，按年份上传，涵盖公司存续年份）",上海近铁国际物流有限公司2020-2024/通用标准/四、贸易安全标准/13.货物、物品安全/13-46 司机身份核实,通用标准/四、贸易安全标准/13.货物、物品安全/13-46 司机身份核实,20,审计部,上传即为通过,
货物、物品安全 - 装运和接收货物物品,"请上传以下文件：
1. 货物装运与接收操作规范文件
2. 各年度货物收发记录样本（如入库单、出库单、验货记录等，按年份上传，涵盖公司存续年份）",上海近铁国际物流有限公司2020-2024/通用标准/四、贸易安全标准/13.货物、物品安全/13-47 装运和接收货物物品,通用标准/四、贸易安全标准/13.货物、物品安全/13-47 装运和接收货物物品,16,关务,上传即为通过,
货物、物品安全 - 货物、物品差异及报告程序,"请上传以下文件：
1. 货物差异处理及报告程序文件（含差异发现、上报、处置全流程说明）
2. 差异报告记录样本（如有）",上海近铁国际物流有限公司2020-2024/通用标准/四、贸易安全标准/13.货物、物品安全/13-48 货物、物品差异及报告程序,通用标准/四、贸易安全标准/13.货物、物品安全/13-48 货物、物品差异及报告程序,2,审计部,上传即为通过,
货物、物品安全 - 出口安全制度,"请上传以下文件：
1. 出口安全管理制度文件（含出口货物安全控制的规范与流程）",上海近铁国际物流有限公司2020-2024/通用标准/四、贸易安全标准/13.货物、物品安全/13-49 出口安全制度,通用标准/四、贸易安全标准/13.货物、物品安全/13-49 出口安全制度,1,审计部,上传即为通过,
运输工具安全 - 运输工具安全管理制度,"请上传以下文件：
1. 运输工具安全管理制度文件（含车辆检查、维护、安全标准等管理规范）",上海近铁国际物流有限公司2020-2024/通用标准/四、贸易安全标准/14.运输工具安全/14-50 运输工具安全管理制度,通用标准/四、贸易安全标准/14.运输工具安全/14-50 运输工具安全管理制度,1,行政,上传即为通过,
运输工具安全 - 运输工具检查,"请上传以下文件：
1. 运输工具检查标准或操作规范文件
2. 各年度车辆出车前安全检查记录（按年份上传，涵盖公司存续年份）
3. 各年度车辆定期检查记录（如季度/年度车辆检查报告，按年份上传）",上海近铁国际物流有限公司2020-2024/通用标准/四、贸易安全标准/14.运输工具安全/14-51 运输工具检查,通用标准/四、贸易安全标准/14.运输工具安全/14-51 运输工具检查,28,行政,上传即为通过,
运输工具安全 - 运输工具存储制度,"请上传以下文件：
1. 运输工具存储管理制度文件（如运输部操作规范中的车辆停放与保管规定）",上海近铁国际物流有限公司2020-2024/通用标准/四、贸易安全标准/14.运输工具安全/14-52 运输工具存储制度,通用标准/四、贸易安全标准/14.运输工具安全/14-52 运输工具存储制度,1,行政,上传即为通过,
运输工具安全 - 安全培训,"请上传以下文件：
1. 运输安全相关制度文件（如运输部操作规范）
2. 各年度运输安全培训记录（按月份/年份上传，涵盖公司存续年份）
   注：培训记录请按年份归纳，每年按月度培训记录分别上传",上海近铁国际物流有限公司2020-2024/通用标准/四、贸易安全标准/14.运输工具安全/14-53 安全培训,通用标准/四、贸易安全标准/14.运输工具安全/14-53 安全培训,33,行政,上传即为通过,
商业伙伴安全 - 商业伙伴安全管理制度,"请上传以下文件：
1. 商业伙伴安全管理制度文件（含对客户、供应商等合作伙伴的安全管控规范）",上海近铁国际物流有限公司2020-2024/通用标准/四、贸易安全标准/15.商业伙伴安全/15-54 商业伙伴安全管理制度,通用标准/四、贸易安全标准/15.商业伙伴安全/15-54 商业伙伴安全管理制度,1,审计部,上传即为通过,
商业伙伴安全 - 全面评估,"请上传以下文件（分客户和供应商两类分别准备）：
【客户类】
1. 与客户有关的评估与监测程序说明文件
2. 商业合作伙伴清单（按年份上传，涵盖公司存续年份）
3. 客户调查表（按年份上传，涵盖公司存续年份）
4. 客户评价表（按年份分别上传，按公司存续年份各一份）
5. 贸易安全考评表
【供应商类】
6. 供应商（运输、报关等类别）调查表、评价表及考评表（按年份分别上传）",上海近铁国际物流有限公司2020-2024/通用标准/四、贸易安全标准/15.商业伙伴安全/15-55 全面评估,通用标准/四、贸易安全标准/15.商业伙伴安全/15-55 全面评估,146,审计部,上传即为通过,
商业伙伴安全 - 优化贸易安全管理书面文件,"请上传以下文件：
1. 与运输供应商签订的贸易安全补充协议
2. 与报关供应商签订的贸易安全补充协议
3. 向客户发送的贸易安全告知书（按客户分别上传，涵盖全部主要客户）",上海近铁国际物流有限公司2020-2024/通用标准/四、贸易安全标准/15.商业伙伴安全/15-56 优化贸易安全管理书面文件,通用标准/四、贸易安全标准/15.商业伙伴安全/15-56 优化贸易安全管理书面文件,44,审计部,上传即为通过,
商业伙伴安全 - 监控检查,"请上传以下文件（分客户和供应商两类分别准备）：
【客户类】
1. 与客户监控检查相关的评估与监测程序说明
2. 客户贸易安全考评表
3. 客户评价表（按年份分别上传，涵盖公司存续年份）
【供应商类】
4. 运输供应商贸易安全考评表（按年份分别上传，涵盖公司存续年份）
5. 报关供应商贸易安全考评表（按年份分别上传）
6. 仓库供应商贸易安全考评表（按年份分别上传）",上海近铁国际物流有限公司2020-2024/通用标准/四、贸易安全标准/15.商业伙伴安全/15-57 监控检查,通用标准/四、贸易安全标准/15.商业伙伴安全/15-57 监控检查,53,审计部,上传即为通过,
海关业务和贸易安全培训 - 法律法规和贸易安全内部培训制度,"请上传以下文件：
1. 人力资源管理程序（含员工培训相关规定，按版本年份上传，请上传当前有效版本）
2. 各年度内部培训计划（按年份分别上传，按公司存续年份各一份）",上海近铁国际物流有限公司2020-2024/通用标准/四、贸易安全标准/16.海关业务和贸易安全培训/16-58 法律法规和贸易安全内部培训制度,通用标准/四、贸易安全标准/16.海关业务和贸易安全培训/16-58 法律法规和贸易安全内部培训制度,7,关务,上传即为通过,
海关业务和贸易安全培训 - 海关法律法规培训,"请上传以下文件：
1. 人力资源管理程序（按版本年份上传）
2. 各次培训记录表（区分员工培训和内审员培训，按培训日期分别上传，涵盖公司存续年份）",上海近铁国际物流有限公司2020-2024/通用标准/四、贸易安全标准/16.海关业务和贸易安全培训/16-59 海关法律法规培训,通用标准/四、贸易安全标准/16.海关业务和贸易安全培训/16-59 海关法律法规培训,25,关务,上传即为通过,
海关业务和贸易安全培训 - 货物安全培训,"请上传以下文件：
1. 仓库安全管理手册 / 运输部操作规范（按版本年份上传）
2. 运输安全培训记录（按月份上传，涵盖公司存续年份）
3. 仓库安全培训记录（按年度上传，涵盖公司存续年份）
   注：培训记录请按年份分别整理归纳后上传",上海近铁国际物流有限公司2020-2024/通用标准/四、贸易安全标准/16.海关业务和贸易安全培训/16-60 货物安全培训,通用标准/四、贸易安全标准/16.海关业务和贸易安全培训/16-60 货物安全培训,44,关务,上传即为通过,
海关业务和贸易安全培训 - 危机管理培训,"请上传以下文件：
1. 危机管理相关制度文件（含应急预案，如火灾、台风、地震、车辆故障等应急预案，以及自然灾害应急手册）
2. 各年度危机管理培训记录（按年份分别上传，涵盖公司存续年份）",上海近铁国际物流有限公司2020-2024/通用标准/四、贸易安全标准/16.海关业务和贸易安全培训/16-61 危机管理培训,通用标准/四、贸易安全标准/16.海关业务和贸易安全培训/16-61 危机管理培训,51,关务,上传即为通过,
海关业务和贸易安全培训 - 信息安全培训,"请上传以下文件：
1. IT信息安全管理手册（按版本年份上传）
2. 各次信息安全培训记录（按培训日期分别上传，涵盖公司存续年份，含员工信息安全培训及网络安全培训）",上海近铁国际物流有限公司2020-2024/通用标准/四、贸易安全标准/16.海关业务和贸易安全培训/16-62 信息安全培训,通用标准/四、贸易安全标准/16.海关业务和贸易安全培训/16-62 信息安全培训,10,关务,上传即为通过,
三-1 商品检查与进出口法检制度,"请上传：1. 仓库操作部木质包装管理制度
2. 客户服务部进出境商检与进出口法检制度",上海近铁国际物流有限公司2020-2024/单项标准/三、动植物检疫业务/三-4 商检制度&台账/三-4-1 制度,单项标准/三、动植物检疫业务/三-4 商检制度&台账/三-4-1 制度,0,单项标准,关键词检测,“商检”、“法检”
三-3 抽查单证文件,请上传：历年抽查单证相关文件。,上海近铁国际物流有限公司2020-2024/单项标准/三、动植物检疫业务/三-4 商检制度&台账/三-4-3 抽查单证,单项标准/三、动植物检疫业务/三-4 商检制度&台账/三-4-3 抽查单证,0,单项标准,上传即为通过,
三-4 熏蒸板记录,"请上传：1. 空置熏蒸板存放区文件
2. 整进整出熏蒸板记录文件",上海近铁国际物流有限公司2020-2024/单项标准/三、动植物检疫业务/三-4 商检制度&台账/三-4-4 熏蒸板记录,单项标准/三、动植物检疫业务/三-4 商检制度&台账/三-4-4 熏蒸板记录,0,单项标准,上传即为通过,
二-2 特殊物品单证,请上传：历年特殊物品单证文件夹,上海近铁国际物流有限公司2020-2024/单项标准/二、卫生检疫业务/二-2 特殊物品单证,单项标准/二、卫生检疫业务/二-2 特殊物品单证,0,单项标准,上传即为通过,
二-3 特殊物品安全管理制度,"请上传：1. 特殊物品-温控货物操作指导手册
2. 单证归档管理制度（电子）
3. 单证归档管理制度（纸质）",上海近铁国际物流有限公司2020-2024/单项标准/二、卫生检疫业务/二-3 特殊物品安全管理制度,单项标准/二、卫生检疫业务/二-3 特殊物品安全管理制度,0,单项标准,上传即为通过,
一-1 进出口单证复核&保管制度,"请上传：1. 客户服务部单证复核流程
2. 单证归档管理制度（电子）
3. 单证归档管理制度（纸质）",上海近铁国际物流有限公司2020-2024/单项标准/一、加工贸易以及保税进出口业务/一-1 进出口单证复核&保管制度,单项标准/一、加工贸易以及保税进出口业务/一-1 进出口单证复核&保管制度,0,单项标准,上传即为通过,
三-2 进境商检查验管理台账历年纪录,请上传：历年进境商检查验管理台账记录。,上海近铁国际物流有限公司2020-2024/单项标准/三、动植物检疫业务/三-4 商检制度&台账/三-4-2 进境商检查验管理台账,单项标准/三、动植物检疫业务/三-4 商检制度&台账/三-4-2 进境商检查验管理台账,0,单项标准,上传即为通过,
进出口商品检验 - 法检制度,请上传进出境商检与进出口法检管理制度文件。,上海近铁国际物流有限公司2020-2024/单项标准/五、进出口商品检验业务/五-9 法检制度,单项标准/五、进出口商品检验业务/五-9 法检制度,0,单项标准,关键词检测,“进出口法检”、“商检管理”
八-20 运输工具管理制度,请上传运输工具管理相关的操作规范或制度文件（如运输部操作规范）。,上海近铁国际物流有限公司2020-2024/单项标准/八、物流运输业务/八-20 运输工具管理制度,单项标准/八、物流运输业务/八-20 运输工具管理制度,0,单项标准,上传即为通过,
八-21-1 运输工具轨迹管理制度,请上传定位系统车载终端管理制度文件。,上海近铁国际物流有限公司2020-2024/单项标准/八、物流运输业务/八-21 运输工具行驶轨迹/八-21-1 制度,单项标准/八、物流运输业务/八-21 运输工具行驶轨迹/八-21-1 制度,0,单项标准,关键词检测,“定位监控”、“轨迹系统”、“车载终端”
八-21-2 车辆行驶轨迹记录,请上传各年度车辆行驶轨迹监控数据及汇总台账。,上海近铁国际物流有限公司2020-2024/单项标准/八、物流运输业务/八-21 运输工具行驶轨迹/八-21-2 轨迹记录,单项标准/八、物流运输业务/八-21 运输工具行驶轨迹/八-21-2 轨迹记录,0,单项标准,上传即为通过,
八-22-1 驾驶员安全与匹配制度,请上传驾驶员安全管理制度、司机提货流程及身份检查规范。,上海近铁国际物流有限公司2020-2024/单项标准/八、物流运输业务/八-22 运输工具与驾驶人员匹配制度/八-22-1 制度,单项标准/八、物流运输业务/八-22 运输工具与驾驶人员匹配制度/八-22-1 制度,0,单项标准,关键词检测,“驾驶员审核”、“身份检查”、“人员匹配”
八-22-2 车辆与司机登记台账,请上传车辆信息表、各年度提送货车辆进出登记台账。,上海近铁国际物流有限公司2020-2024/单项标准/八、物流运输业务/八-22 运输工具与驾驶人员匹配制度/八-22-2 记录,单项标准/八、物流运输业务/八-22 运输工具与驾驶人员匹配制度/八-22-2 记录,0,单项标准,上传即为通过,
六-1 进出口单证及复核制度文件,"请上传以下文件：
1. 进出口单证及复核制度文件",上海近铁国际物流有限公司2020-2024/单项标准/六、代理报关业务/六-1 进出口单证及复核制度文件,单项标准/六、代理报关业务/六-1 进出口单证及复核制度文件,0,单项标准,关键词检测,“进出口单证”
六-2 系统复审界面截屏,"请上传以下文件：
1. 系统复审界面截屏",上海近铁国际物流有限公司2020-2024/单项标准/六、代理报关业务/六-2 系统复审界面截屏,单项标准/六、代理报关业务/六-2 系统复审界面截屏,0,单项标准,上传即为通过,
六-3 历年退改单率统计,"请上传以下文件：
1. 历年退改单率统计",上海近铁国际物流有限公司2020-2024/单项标准/六、代理报关业务/六-3 历年退改单率统计,单项标准/六、代理报关业务/六-3 历年退改单率统计,0,单项标准,上传即为通过,
六-4 历年单一窗口数据取值截屏,"请上传以下文件：
1. 历年单一窗口数据取值截屏",上海近铁国际物流有限公司2020-2024/单项标准/六、代理报关业务/六-4 历年单一窗口数据取值截屏,单项标准/六、代理报关业务/六-4 历年单一窗口数据取值截屏,0,单项标准,上传即为通过,
六-5 系统逻辑检验截屏,"请上传以下文件：
1. 系统逻辑检验截屏",上海近铁国际物流有限公司2020-2024/单项标准/六、代理报关业务/六-5 系统逻辑检验截屏,单项标准/六、代理报关业务/六-5 系统逻辑检验截屏,0,单项标准,上传即为通过,
六-6 历年单证抽取记录,"请上传以下文件：
1. 历年单证抽取记录，包括出口、出境、进口、进境",上海近铁国际物流有限公司2020-2024/单项标准/六、代理报关业务/六-6 历年单证抽取记录,单项标准/六、代理报关业务/六-6 历年单证抽取记录,0,单项标准,上传即为通过,
六-7 海关法律法规培训管理办法,"请上传以下文件：
1. 海关法律法规培训管理办法",上海近铁国际物流有限公司2020-2024/单项标准/六、代理报关业务/六-7 海关法律法规培训管理办法,单项标准/六、代理报关业务/六-7 海关法律法规培训管理办法,0,单项标准,上传即为通过,
六-8 客户海关法律法规培训签到记录和培训课件,"请上传以下文件：
1. 客户海关法律法规培训签到记录和培训课件",上海近铁国际物流有限公司2020-2024/单项标准/六、代理报关业务/六-8 客户海关法律法规培训签到记录和培训课件,单项标准/六、代理报关业务/六-8 客户海关法律法规培训签到记录和培训课件,0,单项标准,上传即为通过,
六-9 延伸认证情况说明文件,"请上传以下文件：
1. 延伸认证情况说明文件",上海近铁国际物流有限公司2020-2024/单项标准/六、代理报关业务/六-9 延伸认证情况说明文件,单项标准/六、代理报关业务/六-9 延伸认证情况说明文件,0,单项标准,上传即为通过,
